Date;Open;ln open
07/08/2015;2,83162;1,040848986
08/08/2015;2,79376;1,027388359
09/08/2015;0,706136;-0,347947425
10/08/2015;0,713989;-0,336887723
11/08/2015;0,708087;-0,345188311
12/08/2015;1,05875;0,057088967
13/08/2015;1,22224;0,200685241
14/08/2015;1,81092;0,593835003
15/08/2015;1,80289;0,589390933
16/08/2015;1,68435;0,521379733
17/08/2015;1,58119;0,458177728
18/08/2015;1,2153;0,19499096
19/08/2015;1,16693;0,154376369
20/08/2015;1,25118;0,224087106
21/08/2015;1,47752;0,390365007
22/08/2015;1,39629;0,333818719
23/08/2015;1,375;0,318453731
24/08/2015;1,34559;0,296832579
25/08/2015;1,22861;0,205883449
26/08/2015;1,13279;0,124683616
27/08/2015;1,16981;0,156841342
28/08/2015;1,14766;0,137725087
29/08/2015;1,19353;0,176915303
30/08/2015;1,18299;0,168045132
31/08/2015;1,32138;0,278676645
01/09/2015;1,35348;0,302679053
02/09/2015;1,35157;0,30126688
03/09/2015;1,29519;0,258657403
04/09/2015;1,26493;0,235016785
05/09/2015;1,28056;0,247297482
06/09/2015;1,33801;0,291183436
07/09/2015;1,2959;0,259205434
08/09/2015;1,24665;0,220459954
09/09/2015;1,23935;0,214587049
10/09/2015;1,20761;0,1886432
11/09/2015;1,16497;0,152695336
12/09/2015;0,987228;-0,012854263
13/09/2015;1,04178;0,040930789
14/09/2015;0,940566;-0,061273457
15/09/2015;0,875189;-0,133315416
16/09/2015;0,941977;-0,059774421
17/09/2015;0,906865;-0,097761682
18/09/2015;0,874574;-0,134018368
19/09/2015;0,849603;-0,162986097
20/09/2015;0,881191;-0,126480877
21/09/2015;0,941496;-0,060285179
22/09/2015;0,919337;-0,084102521
23/09/2015;0,90356;-0,101412763
24/09/2015;0,896796;-0,108926868
25/09/2015;0,820031;-0,198413135
26/09/2015;0,73763;-0,304312935
27/09/2015;0,791277;-0,234107183
28/09/2015;0,723715;-0,323357611
29/09/2015;0,579414;-0,545738031
30/09/2015;0,661192;-0,413711012
01/10/2015;0,734307;-0,308828082
02/10/2015;0,683732;-0,380189251
03/10/2015;0,678783;-0,38745379
04/10/2015;0,686343;-0,376377776
05/10/2015;0,666784;-0,405289124
06/10/2015;0,622218;-0,474464765
07/10/2015;0,650515;-0,429990922
08/10/2015;0,609501;-0,495114689
09/10/2015;0,655084;-0,422991807
10/10/2015;0,641187;-0,444434133
11/10/2015;0,627461;-0,466073761
12/10/2015;0,634515;-0,454894351
13/10/2015;0,627943;-0,465305881
14/10/2015;0,61224;-0,490630916
15/10/2015;0,523278;-0,647642407
16/10/2015;0,562593;-0,575198825
17/10/2015;0,534117;-0,627140363
18/10/2015;0,547913;-0,601638764
19/10/2015;0,517621;-0,658511965
20/10/2015;0,489629;-0,714107318
21/10/2015;0,431589;-0,840281532
22/10/2015;0,444988;-0,809707963
23/10/2015;0,56637;-0,568507704
24/10/2015;0,539681;-0,616777055
25/10/2015;0,563207;-0,574108045
26/10/2015;0,619743;-0,478450403
27/10/2015;0,70889;-0,344054913
28/10/2015;0,870938;-0,138184487
29/10/2015;1,00525;0,005236267
30/10/2015;1,2092;0,189958984
31/10/2015;1,04658;0,045527705
01/11/2015;0,920847;-0,08246138
02/11/2015;1,05797;0,056351978
03/11/2015;0,994568;-0,005446807
04/11/2015;1,01065;0,010593688
05/11/2015;0,900699;-0,10458415
06/11/2015;0,904772;-0,100072301
07/11/2015;0,923732;-0,079333293
08/11/2015;0,915661;-0,08810907
09/11/2015;1,03253;0,032012101
10/11/2015;1,00126;0,001259207
11/11/2015;0,941296;-0,06049763
12/11/2015;0,796455;-0,227584648
13/11/2015;0,907722;-0,096817115
14/11/2015;0,905469;-0,099302237
15/11/2015;0,891217;-0,115167335
16/11/2015;0,906166;-0,098532767
17/11/2015;0,924948;-0,078017759
18/11/2015;0,993214;-0,00680913
19/11/2015;0,988713;-0,011351182
20/11/2015;0,955735;-0,045274601
21/11/2015;0,928758;-0,073907069
22/11/2015;0,979765;-0,020442532
23/11/2015;0,967493;-0,033047089
24/11/2015;0,946442;-0,055045589
25/11/2015;0,893827;-0,112243035
26/11/2015;0,863273;-0,1470243
27/11/2015;0,8821;-0,125449851
28/11/2015;0,868102;-0,14144606
29/11/2015;0,914144;-0,089767171
30/11/2015;0,879951;-0,127889055
01/12/2015;0,878316;-0,129748841
02/12/2015;0,873171;-0,135623866
03/12/2015;0,818546;-0,200225683
04/12/2015;0,812082;-0,208153959
05/12/2015;0,841195;-0,172931779
06/12/2015;0,866417;-0,143388962
07/12/2015;0,836322;-0,178741573
08/12/2015;0,806024;-0,21564176
09/12/2015;0,824454;-0,19303393
10/12/2015;0,79559;-0,228671301
11/12/2015;0,839995;-0,17435934
12/12/2015;0,931196;-0,071285498
13/12/2015;0,971538;-0,028874896
14/12/2015;0,95662;-0,044349041
15/12/2015;0,990589;-0,009455563
16/12/2015;1,01711;0,016965272
17/12/2015;0,993043;-0,006981313
18/12/2015;0,938327;-0,063656777
19/12/2015;0,921524;-0,081726458
20/12/2015;0,90824;-0,096246618
21/12/2015;0,906065;-0,098644232
22/12/2015;0,894973;-0,110961729
23/12/2015;0,861782;-0,148752941
24/12/2015;0,859433;-0,151482409
25/12/2015;0,861993;-0,148508129
26/12/2015;0,870766;-0,138381995
27/12/2015;0,853166;-0,158801143
28/12/2015;0,856356;-0,155069101
29/12/2015;0,843835;-0,169798301
30/12/2015;0,874258;-0,134379752
31/12/2015;0,912098;-0,092007839
01/01/2016;0,933712;-0,068587239
02/01/2016;0,947401;-0,054032833
03/01/2016;0,93843;-0,063547013
04/01/2016;0,972045;-0,028353179
05/01/2016;0,953147;-0,047986137
06/01/2016;0,950028;-0,051263821
07/01/2016;0,955801;-0,045205547
08/01/2016;0,942752;-0,058952021
09/01/2016;0,985501;-0,014605138
10/01/2016;0,985557;-0,014548315
11/01/2016;0,999216;-0,000784307
12/01/2016;1,0661;0,06400713
13/01/2016;1,13547;0,127046662
14/01/2016;1,1221;0,11520193
15/01/2016;1,18444;0,169270089
16/01/2016;1,22046;0,199227837
17/01/2016;1,22147;0,200055051
18/01/2016;1,33231;0,286914278
19/01/2016;1,42261;0,352493213
20/01/2016;1,36318;0,309820206
21/01/2016;1,5327;0,427030886
22/01/2016;1,54703;0,436336964
23/01/2016;1,50412;0,40820801
24/01/2016;1,90054;0,642138056
25/01/2016;2,14764;0,764369565
26/01/2016;2,53274;0,929301721
27/01/2016;2,24744;0,809791791
28/01/2016;2,40645;0,878152632
29/01/2016;2,54298;0,933336622
30/01/2016;2,50772;0,919373974
31/01/2016;2,44315;0,89328819
01/02/2016;2,31969;0,841433556
02/02/2016;2,21519;0,795338179
03/02/2016;2,43193;0,888685181
04/02/2016;2,52903;0,92783583
05/02/2016;2,57035;0,944042076
06/02/2016;2,53382;0,929728045
07/02/2016;2,53641;0,930749695
08/02/2016;2,973;1,089571544
09/02/2016;3,17499;1,155304483
10/02/2016;4,00055;1,386431852
11/02/2016;4,49682;1,50337048
12/02/2016;5,94615;1,782743951
13/02/2016;5,68505;1,737839922
14/02/2016;5,40433;1,687200484
15/02/2016;5,33053;1,67345067
16/02/2016;5,32832;1,673035991
17/02/2016;4,28917;1,456093241
18/02/2016;3,7747;1,328320909
19/02/2016;4,38479;1,478141734
20/02/2016;4,6822;1,543768085
21/02/2016;4,36055;1,472598196
22/02/2016;4,66495;1,540077116
23/02/2016;5,68493;1,737818814
24/02/2016;5,60405;1,723489551
25/02/2016;6,18671;1,822403443
26/02/2016;6,03783;1,798044676
27/02/2016;5,96308;1,785587126
28/02/2016;6,40551;1,857158557
29/02/2016;6,45565;1,864955716
01/03/2016;6,31931;1,843610025
02/03/2016;7,63303;2,032484883
03/03/2016;8,44229;2,133253599
04/03/2016;9,24056;2,22360249
05/03/2016;10,3703;2,338945951
06/03/2016;11,204;2,416270857
07/03/2016;11,4288;2,436136485
08/03/2016;9,58214;2,259900949
09/03/2016;9,79242;2,281608617
10/03/2016;11,8815;2,474982569
11/03/2016;11,2216;2,417840492
12/03/2016;11,1307;2,409707056
13/03/2016;13,5102;2,603444956
14/03/2016;14,5122;2,674989675
15/03/2016;13,0017;2,565080118
16/03/2016;13,0216;2,566609517
17/03/2016;12,5587;2,530413652
18/03/2016;11,1091;2,407764592
19/03/2016;11,2037;2,416244081
20/03/2016;10,5163;2,352926434
21/03/2016;10,3037;2,332503054
22/03/2016;11,8792;2,474788972
23/03/2016;11,3279;2,427268709
24/03/2016;12,4422;2,521093921
25/03/2016;11,2603;2,421283265
26/03/2016;10,7679;2,376569486
27/03/2016;10,9861;2,396630837
28/03/2016;10,4314;2,344820488
29/03/2016;11,7527;2,464083001
30/03/2016;11,6053;2,45146189
31/03/2016;11,9198;2,478200883
01/04/2016;11,4006;2,433665986
02/04/2016;11,6306;2,453639556
03/04/2016;11,6283;2,453441782
04/04/2016;11,6158;2,45236624
05/04/2016;11,2125;2,417029227
06/04/2016;10,4498;2,346582839
07/04/2016;10,6952;2,369795043
08/04/2016;10,0774;2,310295293
09/04/2016;9,69423;2,271530863
10/04/2016;9,14985;2,213737486
11/04/2016;8,94278;2,190846503
12/04/2016;8,63947;2,156341238
13/04/2016;7,44136;2,007053628
14/04/2016;8,07517;2,088793922
15/04/2016;8,38606;2,126570804
16/04/2016;8,23588;2,108500219
17/04/2016;8,62319;2,154455086
18/04/2016;9,33273;2,233527577
19/04/2016;9,07533;2,205559743
20/04/2016;8,68819;2,161964632
21/04/2016;8,45346;2,134575825
22/04/2016;8,14992;2,098008111
23/04/2016;7,79183;2,053075749
24/04/2016;8,29343;2,115463635
25/04/2016;8,00777;2,08041232
26/04/2016;7,52655;2,018436769
27/04/2016;7,38839;1,999909849
28/04/2016;7,74069;2,046490831
29/04/2016;7,20703;1,975056939
30/04/2016;7,45391;2,008738727
01/05/2016;8,77508;2,171915886
02/05/2016;8,89424;2,185403876
03/05/2016;10,1651;2,318960285
04/05/2016;9,38287;2,238885686
05/05/2016;9,39673;2,240361756
06/05/2016;9,80961;2,283362517
07/05/2016;9,31565;2,231695782
08/05/2016;9,3729;2,237822547
09/05/2016;9,49404;2,250664233
10/05/2016;9,28265;2,228147066
11/05/2016;9,43143;2,244047729
12/05/2016;9,99511;2,302095973
13/05/2016;10,0623;2,308795767
14/05/2016;10,5051;2,351860854
15/05/2016;10,2386;2,326164892
16/05/2016;9,9687;2,299450184
17/05/2016;11,1932;2,415306451
18/05/2016;12,1793;2,499737789
19/05/2016;13,5428;2,605855041
20/05/2016;14,8532;2,69821533
21/05/2016;13,6897;2,616643725
22/05/2016;14,0405;2,64194601
23/05/2016;14,2798;2,658845951
24/05/2016;13,3054;2,588169968
25/05/2016;12,7932;2,54891378
26/05/2016;12,5161;2,527015816
27/05/2016;12,3894;2,516841268
28/05/2016;11,3332;2,427736471
29/05/2016;12,1122;2,494213209
30/05/2016;12,3253;2,51165406
31/05/2016;12,7435;2,545021338
01/06/2016;14,1098;2,646869591
02/06/2016;13,9917;2,638464297
03/06/2016;13,7429;2,620522327
04/06/2016;13,8643;2,629317191
05/06/2016;13,7625;2,621947502
06/06/2016;14,0007;2,639107328
07/06/2016;13,9453;2,635142534
08/06/2016;14,5079;2,674693329
09/06/2016;14,4306;2,669350952
10/06/2016;14,3759;2,665553193
11/06/2016;13,9091;2,632543302
12/06/2016;14,1864;2,652283759
13/06/2016;15,7723;2,758255237
14/06/2016;17,612801;2,868625967
15/06/2016;18,9053;2,939442306
16/06/2016;18,362801;2,910326933
17/06/2016;20,6509;3,027758902
18/06/2016;15,3786;2,732976933
19/06/2016;11,1673;2,412989865
20/06/2016;12,2369;2,504455977
21/06/2016;11,8198;2,469776091
22/06/2016;13,1997;2,580194102
23/06/2016;13,2156;2,58139795
24/06/2016;13,6821;2,616088409
25/06/2016;14,3028;2,660455322
26/06/2016;14,2611;2,657535551
27/06/2016;13,8082;2,625262619
28/06/2016;13,9276;2,633872483
29/06/2016;12,1742;2,499318958
30/06/2016;12,6029;2,533926946
01/07/2016;12,4381;2,520764343
02/07/2016;12,216;2,502746568
03/07/2016;12,1208;2,494922985
04/07/2016;11,6961;2,459255453
05/07/2016;11,4574;2,438635809
06/07/2016;10,5758;2,358568372
07/07/2016;10,5359;2,354788473
08/07/2016;10,1153;2,314049129
09/07/2016;11,4177;2,435164783
10/07/2016;10,9604;2,394288777
11/07/2016;10,9411;2,39252634
12/07/2016;10,447;2,346314856
13/07/2016;10,5066;2,352003631
14/07/2016;10,5969;2,360561506
15/07/2016;11,4991;2,442268771
16/07/2016;11,9194;2,478167325
17/07/2016;11,6235;2,453028911
18/07/2016;11,173;2,413500154
19/07/2016;11,0466;2,402122688
20/07/2016;11,5902;2,450159913
21/07/2016;12,4601;2,522531539
22/07/2016;12,6575;2,538249925
23/07/2016;14,6655;2,685497797
24/07/2016;14,2958;2,659965788
25/07/2016;12,7434;2,545013491
26/07/2016;13,8161;2,625834579
27/07/2016;12,0505;2,489106153
28/07/2016;12,9791;2,563340371
29/07/2016;12,8364;2,552284885
30/07/2016;12,7974;2,549242025
31/07/2016;12,4397;2,520892971
01/08/2016;11,8948;2,47610133
02/08/2016;10,9485;2,393202461
03/08/2016;8,8768;2,183441132
04/08/2016;10,311;2,333211287
05/08/2016;11,019;2,399621056
06/08/2016;10,9167;2,390293727
07/08/2016;10,8592;2,385012647
08/08/2016;10,9135;2,390000555
09/08/2016;11,2746;2,422552408
10/08/2016;12,2298;2,503875596
11/08/2016;12,1382;2,496357504
12/08/2016;11,6889;2,458639674
13/08/2016;11,7704;2,465587905
14/08/2016;11,5833;2,449564406
15/08/2016;11,2017;2,416065552
16/08/2016;11,2287;2,418473001
17/08/2016;11,1332;2,409931635
18/08/2016;10,7475;2,374673169
19/08/2016;10,7463;2,374561509
20/08/2016;10,7501;2,374915057
21/08/2016;11,2533;2,420661419
22/08/2016;11,1851;2,414582535
23/08/2016;11,137;2,410272898
24/08/2016;11,0243;2,400101927
25/08/2016;11,0313;2,400736687
26/08/2016;11,3524;2,429429175
27/08/2016;11,294;2,424271611
28/08/2016;11,147;2,411170403
29/08/2016;10,9151;2,390147152
30/08/2016;10,9921;2,397176833
31/08/2016;11,2386;2,419354282
01/09/2016;11,6705;2,45706429
02/09/2016;11,9642;2,481918857
03/09/2016;12,1129;2,494271
04/09/2016;11,7541;2,464202116
05/09/2016;11,6805;2,457920785
06/09/2016;11,7254;2,461757429
07/09/2016;11,6945;2,459118646
08/09/2016;11,5458;2,446321734
09/09/2016;11,4125;2,434709246
10/09/2016;11,6623;2,456361417
11/09/2016;12,2079;2,502083283
12/09/2016;11,643;2,454705141
13/09/2016;11,8887;2,475588369
14/09/2016;11,9046;2,47692488
15/09/2016;11,9431;2,480153706
16/09/2016;11,9596;2,481534303
17/09/2016;12,5582;2,530373839
18/09/2016;12,6864;2,540530554
19/09/2016;12,436;2,520595492
20/09/2016;13,2139;2,581269306
21/09/2016;14,4341;2,669593463
22/09/2016;13,665;2,614837819
23/09/2016;13,208;2,580822707
24/09/2016;13,3223;2,589439323
25/09/2016;12,8525;2,553538345
26/09/2016;13,1696;2,577911143
27/09/2016;12,8639;2,554424939
28/09/2016;13,1074;2,573176956
29/09/2016;13,2768;2,586018151
30/09/2016;13,076;2,570778489
01/10/2016;13,2032;2,580459224
02/10/2016;13,1802;2,578715703
03/10/2016;13,203;2,580444076
04/10/2016;13,4505;2,59901628
05/10/2016;13,2834;2,586515135
06/10/2016;13,0263;2,566970391
07/10/2016;12,8516;2,553468317
08/10/2016;12,674;2,539552651
09/10/2016;12,2156;2,502713823
10/10/2016;12,0607;2,489952233
11/10/2016;11,7624;2,464908003
12/10/2016;11,7846;2,466793594
13/10/2016;11,9092;2,477311211
14/10/2016;11,9891;2,483997904
15/10/2016;11,9361;2,479567421
16/10/2016;11,9817;2,483380486
17/10/2016;11,9556;2,481199788
18/10/2016;11,9959;2,484564925
19/10/2016;12,5926;2,53310934
20/10/2016;12,0463;2,488757559
21/10/2016;12,1297;2,495656991
22/10/2016;12,1804;2,499828102
23/10/2016;12,1304;2,495714699
24/10/2016;12,0372;2,488001855
25/10/2016;11,9676;2,482202998
26/10/2016;11,3841;2,432217645
27/10/2016;11,5312;2,445056405
28/10/2016;11,4749;2,440162041
29/10/2016;11,1003;2,406972135
30/10/2016;10,4282;2,344513675
31/10/2016;11,2296;2,418553149
01/11/2016;10,9578;2,394051531
02/11/2016;10,7735;2,377089415
03/11/2016;10,7977;2,379333148
04/11/2016;10,8175;2,381165193
05/11/2016;11,0948;2,40647653
06/11/2016;10,9917;2,397140443
07/11/2016;10,9037;2,389102181
08/11/2016;10,8506;2,384220378
09/11/2016;10,8199;2,381387031
10/11/2016;10,6747;2,367876456
11/11/2016;10,514;2,352707702
12/11/2016;10,2924;2,331405759
13/11/2016;9,88765;2,291286504
14/11/2016;10,0982;2,31235719
15/11/2016;9,97194;2,299775149
16/11/2016;10,217;2,324053
17/11/2016;10,0596;2,308527402
18/11/2016;9,98835;2,301419414
19/11/2016;9,48282;2,24948174
20/11/2016;9,66121;2,268118899
21/11/2016;9,58016;2,259694293
22/11/2016;9,62576;2,264442838
23/11/2016;9,91977;2,294529736
24/11/2016;9,84603;2,287068328
25/11/2016;9,22853;2,222299773
26/11/2016;9,41643;2,242456036
27/11/2016;9,31202;2,231306039
28/11/2016;8,99844;2,197051229
29/11/2016;8,7287;2,166616447
30/11/2016;8,15548;2,098690094
01/12/2016;8,60162;2,151950558
02/12/2016;8,45557;2,134825396
03/12/2016;7,76633;2,049797723
04/12/2016;7,90343;2,067296842
05/12/2016;7,41059;2,002910058
06/12/2016;6,8046;1,917598854
07/12/2016;7,89483;2,066208115
08/12/2016;8,3835;2,126265488
09/12/2016;8,16814;2,100241221
10/12/2016;8,43837;2,132789162
11/12/2016;8,12641;2,095119252
12/12/2016;8,19236;2,103202013
13/12/2016;8,5204;2,142463288
14/12/2016;8,4515;2,13434394
15/12/2016;8,23533;2,108433436
16/12/2016;7,85904;2,061664462
17/12/2016;7,85569;2,06123811
18/12/2016;7,86052;2,061852762
19/12/2016;7,86943;2,062985633
20/12/2016;7,63368;2,032570036
21/12/2016;7,66366;2,036489676
22/12/2016;7,89904;2,066741233
23/12/2016;7,57695;2,025110744
24/12/2016;7,15242;1,967450761
25/12/2016;7,26485;1,98304765
26/12/2016;7,1321;1,964605721
27/12/2016;7,27637;1,984632111
28/12/2016;7,14895;1,966965493
29/12/2016;7,53913;2,020106791
30/12/2016;8,28988;2,115035494
31/12/2016;8,15115;2,098159022
01/01/2017;7,98231;2,077227843
02/01/2017;8,17087;2,10057539
03/01/2017;8,37458;2,125200927
04/01/2017;9,70929;2,273083159
05/01/2017;11,2868;2,423633901
06/01/2017;10,2858;2,330764303
07/01/2017;10,2409;2,326389506
08/01/2017;9,87258;2,289761217
09/01/2017;10,3138;2,333482804
10/01/2017;10,3695;2,338868805
11/01/2017;10,5415;2,355319848
12/01/2017;9,72139;2,274328612
13/01/2017;9,82722;2,285156086
14/01/2017;9,78645;2,280998776
15/01/2017;9,8292;2,285357547
16/01/2017;9,88353;2,290869735
17/01/2017;9,63962;2,265881689
18/01/2017;10,2964;2,33179432
19/01/2017;10,2405;2,326350447
20/01/2017;10,3868;2,340535769
21/01/2017;10,5955;2,360429383
22/01/2017;10,9101;2,389688966
23/01/2017;10,7099;2,371168547
24/01/2017;10,7279;2,372847825
25/01/2017;10,6185;2,362597763
26/01/2017;10,5672;2,357754864
27/01/2017;10,5841;2,359352875
28/01/2017;10,5383;2,35501624
29/01/2017;10,5617;2,35723425
30/01/2017;10,4938;2,350784607
31/01/2017;10,5642;2,357470926
01/02/2017;10,7413;2,374096125
02/02/2017;10,7355;2,373556007
03/02/2017;10,8125;2,380702872
04/02/2017;11,1287;2,409527357
05/02/2017;11,4422;2,437308275
06/02/2017;11,3539;2,429561297
07/02/2017;11,4253;2,435830195
08/02/2017;11,5402;2,445836592
09/02/2017;11,4359;2,43675753
10/02/2017;11,045;2,401977837
11/02/2017;11,2908;2,423988235
12/02/2017;11,3533;2,429508451
13/02/2017;11,3836;2,432173723
14/02/2017;11,2864;2,423598461
15/02/2017;13,0397;2,56799855
16/02/2017;12,921;2,558853895
17/02/2017;12,8985;2,557111026
18/02/2017;12,7084;2,542263192
19/02/2017;12,8176;2,550819226
20/02/2017;12,7652;2,546722718
21/02/2017;12,3422;2,513024285
22/02/2017;12,6872;2,540593611
23/02/2017;12,5981;2,533546009
24/02/2017;13,1343;2,575227129
25/02/2017;13,0638;2,569845046
26/02/2017;13,5177;2,603999938
27/02/2017;14,5058;2,674548569
28/02/2017;15,4507;2,73765431
01/03/2017;15,8472;2,762992829
02/03/2017;17,355301;2,853897993
03/03/2017;19,042801;2,94668913
04/03/2017;19,517099;2,971290953
05/03/2017;18,5028;2,917922072
06/03/2017;19,282301;2,959187629
07/03/2017;19,5791;2,974462671
08/03/2017;18,8825;2,938235567
09/03/2017;16,6401;2,811815445
10/03/2017;17,7409;2,875872708
11/03/2017;19,374599;2,963962878
12/03/2017;21,464899;3,066418996
13/03/2017;23,5049;3,15720891
14/03/2017;28,571899;3,352423682
15/03/2017;28,6451;3,354982399
16/03/2017;35,3573;3,565504877
17/03/2017;45,929501;3,827107634
18/03/2017;46,874199;3,847467396
19/03/2017;35,529701;3,570368995
20/03/2017;44,833599;3,802957836
21/03/2017;43,5098;3,7729862
22/03/2017;43,122501;3,764044926
23/03/2017;42,565201;3,751037042
24/03/2017;43,638;3,77592833
25/03/2017;53,575901;3,981099359
26/03/2017;50,769901;3,927303679
27/03/2017;51,312099;3,937926572
28/03/2017;49,7104;3,906214167
29/03/2017;50,569302;3,923344712
30/03/2017;53,1245;3,972638215
31/03/2017;51,7537;3,946495927
01/04/2017;50,033699;3,912696758
02/04/2017;50,7384;3,92668302
03/04/2017;48,821201;3,888164665
04/04/2017;43,921799;3,782410757
05/04/2017;44,661098;3,799102832
06/04/2017;45,220501;3,811550546
07/04/2017;42,865101;3,758057998
08/04/2017;41,798401;3,732858085
09/04/2017;44,280399;3,790542119
10/04/2017;43,277599;3,767635157
11/04/2017;43,5014;3,772793121
12/04/2017;43,462799;3,771905377
13/04/2017;46,3106;3,835370877
14/04/2017;49,971401;3,911450862
15/04/2017;47,653702;3,863960319
16/04/2017;49,0378;3,892591429
17/04/2017;48,659698;3,884851131
18/04/2017;48,319;3,877824858
19/04/2017;50,729;3,926497739
20/04/2017;48,132301;3,87395349
21/04/2017;49,643299;3,904863417
22/04/2017;48,1824;3,874993809
23/04/2017;48,592499;3,883469177
24/04/2017;48,866699;3,889096162
25/04/2017;50,0746;3,913513894
26/04/2017;49,909401;3,910209382
27/04/2017;52,805698;3,966619102
28/04/2017;62,226898;4,13078735
29/04/2017;71,389603;4,268152242
30/04/2017;68,540604;4,227426329
01/05/2017;79,321602;4,3735105
02/05/2017;76,653397;4,339293923
03/05/2017;77,253998;4,347098668
04/05/2017;79,720398;4,378525488
05/05/2017;96,734703;4,571972211
06/05/2017;94,912102;4,552951221
07/05/2017;97,8694;4,583633937
08/05/2017;93,747002;4,540599686
09/05/2017;91,227997;4,513361835
10/05/2017;91,1511;4,512518569
11/05/2017;89,770699;4,49725863
12/05/2017;89,428596;4,493440497
13/05/2017;88,694397;4,485196719
14/05/2017;90,871597;4,509447488
15/05/2017;90,784103;4,508484193
16/05/2017;92,387703;4,525993885
17/05/2017;89,250298;4,49144476
18/05/2017;89,840401;4,498034774
19/05/2017;97,052803;4,575255191
20/05/2017;129,222;4,861531855
21/05/2017;127,537003;4,848406542
22/05/2017;158,173004;5,063689396
23/05/2017;170,817993;5,140598621
24/05/2017;182,649002;5,207566289
25/05/2017;189,848999;5,246229014
26/05/2017;175,216995;5,166025177
27/05/2017;159,817001;5,074029417
28/05/2017;158,817001;5,067752602
29/05/2017;170,134995;5,13659221
30/05/2017;195,613007;5,276138253
31/05/2017;231,578003;5,444916763
01/06/2017;230,886002;5,441924091
02/06/2017;222,285995;5,403964819
03/06/2017;223,464005;5,40925035
04/06/2017;224,117004;5,412168255
05/06/2017;245,261993;5,502326998
06/06/2017;248,598999;5,515841153
07/06/2017;264,26001;5,576933505
08/06/2017;257,990997;5,552924689
09/06/2017;261,748993;5,567386003
10/06/2017;282,014008;5,641956743
11/06/2017;338,794006;5,825392271
12/06/2017;341,164001;5,832363303
13/06/2017;395,686005;5,98062098
14/06/2017;397,588989;5,985418781
15/06/2017;358,506989;5,881948155
16/06/2017;361,182007;5,889382006
17/06/2017;369,882996;5,913186729
18/06/2017;379,519012;5,938904693
19/06/2017;371,864014;5,918528234
20/06/2017;370,326996;5,914386388
21/06/2017;359,540009;5,884825462
22/06/2017;337,733002;5,822255648
23/06/2017;336,484985;5,818553527
24/06/2017;341,625;5,833713644
25/06/2017;323,466003;5,779094017
26/06/2017;302,954987;5,713584237
27/06/2017;272,691986;5,608342902
28/06/2017;293,041992;5,680315916
29/06/2017;328,365997;5,794128831
30/06/2017;303,152008;5,714234356
01/07/2017;293,352997;5,681376652
02/07/2017;275,122986;5,61721822
03/07/2017;288,414001;5,664396951
04/07/2017;282,19101;5,642584182
05/07/2017;273,098999;5,609834363
06/07/2017;268,858002;5,594183367
07/07/2017;270,350006;5,599717438
08/07/2017;245,889999;5,504884277
09/07/2017;251,822006;5,528722513
10/07/2017;243,011002;5,493106718
11/07/2017;211,524994;5,354343166
12/07/2017;197,151993;5,283974969
13/07/2017;231,811996;5,445926681
14/07/2017;209,529007;5,344862188
15/07/2017;199,709;5,296861307
16/07/2017;169,574005;5,133289439
17/07/2017;159,990997;5,075117545
18/07/2017;195,026993;5,273137975
19/07/2017;234,940994;5,459334393
20/07/2017;205,421997;5,325066385
21/07/2017;226,061005;5,420804896
22/07/2017;217,860001;5,383852659
23/07/2017;229,123001;5,434258982
24/07/2017;226,285004;5,421795284
25/07/2017;224,373001;5,41330985
26/07/2017;207,085999;5,333134161
27/07/2017;204,856003;5,322307308
28/07/2017;204,324997;5,319711849
29/07/2017;193,341003;5,264455485
30/07/2017;206,735992;5,331442578
31/07/2017;197,404999;5,285257451
01/08/2017;204,688004;5,321486888
02/08/2017;227,005997;5,424976436
03/08/2017;220,179993;5,394445362
04/08/2017;225,307999;5,417468351
05/08/2017;222,852005;5,406507896
06/08/2017;256,419006;5,546812849
07/08/2017;261,237;5,565428041
08/08/2017;269,100006;5,59508308
09/08/2017;297,631989;5,695857787
10/08/2017;296,960999;5,693600814
11/08/2017;294,494995;5,685262008
12/08/2017;308,709991;5,732402296
13/08/2017;310,365997;5,737752237
14/08/2017;298,031006;5,697197528
15/08/2017;299,951996;5,703622449
16/08/2017;289,819;5,66925659
17/08/2017;302,804993;5,713089011
18/08/2017;301,696991;5,709423173
19/08/2017;296,181;5,690970754
20/08/2017;296,644012;5,692532807
21/08/2017;300,476013;5,705367927
22/08/2017;321,054993;5,771612426
23/08/2017;315,265991;5,753416698
24/08/2017;317,447998;5,760314019
25/08/2017;326,109009;5,787231709
26/08/2017;331,98999;5,805104818
27/08/2017;334,356995;5,812209269
28/08/2017;350,042999;5,858056001
29/08/2017;347,964996;5,852101889
30/08/2017;369,472992;5,912077644
31/08/2017;378,44101;5,936060209
01/09/2017;383,46701;5,949253594
02/09/2017;387,824005;5,960551641
03/09/2017;350,229004;5,858587238
04/09/2017;347,132996;5,84970798
05/09/2017;297,566986;5,695639363
06/09/2017;313,802002;5,74876222
07/09/2017;333,519012;5,809699871
08/09/2017;329,635986;5,797988973
09/09/2017;296,169006;5,690930258
10/09/2017;294,063995;5,683797414
11/09/2017;289,744995;5,669001209
12/09/2017;294,630005;5,685720349
13/09/2017;291,122009;5,673742454
14/09/2017;276,587006;5,622525441
15/09/2017;215,220993;5,371665375
16/09/2017;250,865997;5,52491892
17/09/2017;245,848999;5,504717522
18/09/2017;252,227005;5,530329496
19/09/2017;293,656006;5,682409035
20/09/2017;282,015015;5,641960314
21/09/2017;283,263;5,646375795
22/09/2017;258,114014;5,553401402
23/09/2017;264,598999;5,578215469
24/09/2017;286,213989;5,656739744
25/09/2017;282,217987;5,642679776
26/09/2017;292,346008;5,67793806
27/09/2017;287,019989;5,659551861
28/09/2017;306,471008;5,72512316
29/09/2017;299,119995;5,700844814
30/09/2017;291,47699;5,674961066
01/10/2017;301,546997;5,708925881
02/10/2017;302,481995;5,712021755
03/10/2017;297,483002;5,695357087
04/10/2017;292,753998;5,679332659
05/10/2017;292,77301;5,679397599
06/10/2017;295,154999;5,687500639
07/10/2017;308,891998;5,732991695
08/10/2017;311,05899;5,739982573
09/10/2017;308,666992;5,732263
10/10/2017;297,601013;5,695753707
11/10/2017;301,181;5,707711413
12/10/2017;303,497986;5,715374975
13/10/2017;304,07901;5,717287569
14/10/2017;338,85199;5,825563404
15/10/2017;339,528992;5,82755934
16/10/2017;336,710999;5,819224993
17/10/2017;333,484009;5,809594915
18/10/2017;316,944;5,758725102
19/10/2017;314,537994;5,751104876
20/10/2017;308,04599;5,73024909
21/10/2017;303,571991;5,715618785
22/10/2017;300,549011;5,705610839
23/10/2017;295,096008;5,687300754
24/10/2017;287,119995;5,659900229
25/10/2017;298,437012;5,698558895
26/10/2017;298,022003;5,697167319
27/10/2017;296,507996;5,692074186
28/10/2017;297,915009;5,696808241
29/10/2017;296,381012;5,691645829
30/10/2017;304,782013;5,71959681
31/10/2017;307,377991;5,728078231
01/11/2017;305,761993;5,722806999
02/11/2017;290,725006;5,672377824
03/11/2017;288,497009;5,664684718
04/11/2017;305,480988;5,721887544
05/11/2017;300,036987;5,703905757
06/11/2017;296,427002;5,691800989
07/11/2017;298,567993;5,698997689
08/11/2017;294,270996;5,684501098
09/11/2017;308,644989;5,732191713
10/11/2017;320,67099;5,770415644
11/11/2017;298,585999;5,699057995
12/11/2017;314,690002;5,751588034
13/11/2017;307,024994;5,726929158
14/11/2017;316,763;5,75815386
15/11/2017;337,963989;5,822939348
16/11/2017;333,442993;5,809471915
17/11/2017;330,166992;5,799598563
18/11/2017;331,980011;5,805074759
19/11/2017;347,401001;5,850479735
20/11/2017;354,093994;5,869562398
21/11/2017;367,442993;5,906568186
22/11/2017;360,312012;5,886970356
23/11/2017;381,438995;5,94395093
24/11/2017;412,501007;6,022238647
25/11/2017;475,675995;6,16473694
26/11/2017;465,973999;6,144129836
27/11/2017;471,531006;6,15598486
28/11/2017;480,518005;6,174864699
29/11/2017;473,281006;6,159689305
30/11/2017;431,214996;6,066606796
01/12/2017;445,209015;6,098543869
02/12/2017;466,851013;6,146010177
03/12/2017;463,704987;6,139248546
04/12/2017;466,053986;6,144301477
05/12/2017;470,294006;6,153358044
06/12/2017;462,604004;6,136871405
07/12/2017;426,368988;6,05530514
08/12/2017;434,989014;6,075320776
09/12/2017;457,343994;6,12543583
10/12/2017;472,789001;6,158649202
11/12/2017;440,358002;6,087588037
12/12/2017;522,286011;6,258215352
13/12/2017;644,906006;6,469104579
14/12/2017;700,593994;6,551928538
15/12/2017;696,375977;6,545889711
16/12/2017;686,192017;6,531157497
17/12/2017;696,237;6,54569012
18/12/2017;721,731995;6,581653872
19/12/2017;793,901001;6,67695877
20/12/2017;827,515991;6,718428432
21/12/2017;820,236023;6,709592132
22/12/2017;822,643005;6,712522334
23/12/2017;681,315979;6,524026191
24/12/2017;721,768982;6,581705118
25/12/2017;698,869995;6,549464738
26/12/2017;763,369995;6,637742835
27/12/2017;774,969971;6,652824282
28/12/2017;762,208008;6,636219495
29/12/2017;740,388977;6,607175693
30/12/2017;753,815002;6,625146982
31/12/2017;712,211975;6,568375585
01/01/2018;755,757019;6,627719921
02/01/2018;772,346008;6,649432647
03/01/2018;886;6,786716951
04/01/2018;961,713013;6,868716083
05/01/2018;975,75;6,883206406
06/01/2018;995,153992;6,902897491
07/01/2018;1043,01001;6,949866052
08/01/2018;1158,26001;7,054674167
09/01/2018;1146;7,044032897
10/01/2018;1300,339966;7,170381022
11/01/2018;1268,089966;7,145267084
12/01/2018;1158,290039;7,054700092
13/01/2018;1270,469971;7,147142167
14/01/2018;1397,47998;7,242425879
15/01/2018;1365,209961;7,219063513
16/01/2018;1292,630005;7,164434185
17/01/2018;1061,339966;6,967287508
18/01/2018;1016,440002;6,924061607
19/01/2018;1028,819946;6,936167741
20/01/2018;1044,949951;6,951724269
21/01/2018;1155,680054;7,052444241
22/01/2018;1055,349976;6,961627722
23/01/2018;1004,169983;6,911916592
24/01/2018;987,47699;6,895153195
25/01/2018;1063,219971;6,969057291
26/01/2018;1052,699951;6,959113525
27/01/2018;1055,75;6,962006694
28/01/2018;1111,780029;7,01371764
29/01/2018;1246,699951;7,1282553
30/01/2018;1184,130005;7,076763611
31/01/2018;1071,089966;6,976432069
01/02/2018;1119,369995;7,020521302
02/02/2018;1035,77002;6,94290041
03/02/2018;919,210999;6,823515692
04/02/2018;964,666992;6,871782956
05/02/2018;834,958008;6,727381434
06/02/2018;707,737;6,562072556
07/02/2018;790,427979;6,672574544
08/02/2018;755,843018;6,627833706
09/02/2018;818,47998;6,707448937
10/02/2018;882,46698;6,782721372
11/02/2018;859,288025;6,756104168
12/02/2018;817,507996;6,706260684
13/02/2018;869,29303;6,767680272
14/02/2018;844,278992;6,738482999
15/02/2018;923,728027;6,828417685
16/02/2018;934,786011;6,840317638
17/02/2018;944,747986;6,85091821
18/02/2018;973,348999;6,880742701
19/02/2018;921,66803;6,826185104
20/02/2018;943,567017;6,849667392
21/02/2018;894,13501;6,795856782
22/02/2018;849,262024;6,744367765
23/02/2018;811,585022;6,698989153
24/02/2018;861,593018;6,758783022
25/02/2018;839,458984;6,732757618
26/02/2018;845,278015;6,739665585
27/02/2018;870,36499;6,768912652
28/02/2018;877,934021;6,777571444
01/03/2018;856,012024;6,752284423
02/03/2018;871,763977;6,770518719
03/03/2018;856,710999;6,753100638
04/03/2018;856,185974;6,752487612
05/03/2018;866,846008;6,764861346
06/03/2018;853,817017;6,749716905
07/03/2018;816,270996;6,704746403
08/03/2018;752,570007;6,623494025
09/03/2018;702,197021;6,554214021
10/03/2018;730,159973;6,593263651
11/03/2018;685,312012;6,529874227
12/03/2018;724,406006;6,585352017
13/03/2018;698,153015;6,548438298
14/03/2018;691,218994;6,538456697
15/03/2018;614,838989;6,421360427
16/03/2018;611,778015;6,416369496
17/03/2018;601,677979;6,399722384
18/03/2018;551,640015;6,312895687
19/03/2018;546,625977;6,303764797
20/03/2018;556,721985;6,322065986
21/03/2018;559,099976;6,326328305
22/03/2018;562,103027;6,331685155
23/03/2018;539,864014;6,291317282
24/03/2018;542,572021;6,296320834
25/03/2018;522,703003;6,259013431
26/03/2018;524,286987;6,26203922
27/03/2018;489,589996;6,193568298
28/03/2018;450,290985;6,109894007
29/03/2018;448,075012;6,104960656
30/03/2018;385,904999;5,955591223
31/03/2018;395,003998;5,978895886
01/04/2018;397,253998;5,98457587
02/04/2018;379,699005;5,939378847
03/04/2018;387,312012;5,959230601
04/04/2018;416,484985;6,031850411
05/04/2018;379,946991;5,940031746
06/04/2018;382,730988;5,947332361
07/04/2018;370,380005;5,914529519
08/04/2018;385,743011;5,955171373
09/04/2018;400,856995;5,993604743
10/04/2018;399,411011;5,989990989
11/04/2018;415,023987;6,028336319
12/04/2018;430,161011;6,064159583
13/04/2018;493,160004;6,200833673
14/04/2018;492,579987;6,199656858
15/04/2018;502,880005;6,220351583
16/04/2018;532,073975;6,27678253
17/04/2018;511,144989;6,236653286
18/04/2018;503,30899;6,221204276
19/04/2018;524,038025;6,261564248
20/04/2018;567,989014;6,342102077
21/04/2018;616,004028;6,423253502
22/04/2018;606,119019;6,407076368
23/04/2018;621,198975;6,431651441
24/04/2018;643,39801;6,466763522
25/04/2018;707,062012;6,561118374
26/04/2018;618,078979;6,426616247
27/04/2018;662,109009;6,495430209
28/04/2018;644,645996;6,468701323
29/04/2018;683,911987;6,527829235
30/04/2018;689,760986;6,53634514
01/05/2018;670,463013;6,507968538
02/05/2018;674,075012;6,513341398
03/05/2018;686,591003;6,531738777
04/05/2018;776,775024;6,655150764
05/05/2018;784,583008;6,665152377
06/05/2018;816,088013;6,704522208
07/05/2018;793,338989;6,676250607
08/05/2018;755,008972;6,626729633
09/05/2018;752,901978;6,623935044
10/05/2018;752,578979;6,623505947
11/05/2018;727,013;6,588944359
12/05/2018;679,877014;6,52191192
13/05/2018;687,174988;6,532588973
14/05/2018;732,732971;6,596781339
15/05/2018;731,143005;6,59460907
16/05/2018;708,086975;6,562566932
17/05/2018;708,718018;6,56345773
18/05/2018;672,10199;6,5104101
19/05/2018;695,072021;6,544015468
20/05/2018;697,922974;6,548108744
21/05/2018;717,192993;6,575344972
22/05/2018;700,177979;6,551334558
23/05/2018;646,669983;6,471836092
24/05/2018;584,536011;6,370818389
25/05/2018;602,140015;6,400490001
26/05/2018;587,426025;6,375750323
27/05/2018;588,52002;6,377610945
28/05/2018;573,044983;6,350964218
29/05/2018;516,14801;6,246393565
30/05/2018;566,830017;6,340059465
31/05/2018;558,497009;6,325249263
01/06/2018;578,671997;6,360735818
02/06/2018;580,429016;6,363767513
03/06/2018;591,258972;6,382254114
04/06/2018;619,437012;6,42881102
05/06/2018;593,406006;6,385878829
06/06/2018;610,262024;6,413888412
07/06/2018;607,687012;6,409659967
08/06/2018;605,442993;6,40596041
09/06/2018;600,905029;6,3984369
10/06/2018;594,344971;6,38745991
11/06/2018;524,856995;6,263125835
12/06/2018;532,710022;6,277977227
13/06/2018;498,018005;6,210636231
14/06/2018;478,381012;6,170407511
15/06/2018;520,47998;6,254751424
16/06/2018;490,414001;6,195249934
17/06/2018;499,459991;6,213527497
18/06/2018;499,382996;6,213373328
19/06/2018;519,02301;6,251948217
20/06/2018;538,505981;6,288798603
21/06/2018;536,447021;6,284967808
22/06/2018;527,19397;6,267568545
23/06/2018;466,273987;6,144773416
24/06/2018;474,768005;6,162826274
25/06/2018;455,936005;6,12235246
26/06/2018;460,733002;6,132818704
27/06/2018;432,243988;6,068990216
28/06/2018;442,290009;6,091965796
29/06/2018;422,587006;6,046395357
30/06/2018;436,209015;6,078121521
01/07/2018;455,242004;6,120829154
02/07/2018;453,824005;6,117709469
03/07/2018;475,385986;6,164127076
04/07/2018;464,151001;6,140209932
05/07/2018;467,286987;6,146943602
06/07/2018;474,356995;6,161960192
07/07/2018;474,057007;6,161327582
08/07/2018;492,067993;6,198616904
09/07/2018;488,877991;6,192112951
10/07/2018;476,161987;6,165758105
11/07/2018;434,515015;6,074230501
12/07/2018;446,502014;6,101443911
13/07/2018;430,740997;6,065506974
14/07/2018;434,510986;6,074221229
15/07/2018;435,882996;6,07737385
16/07/2018;450,424988;6,110191555
17/07/2018;480,076996;6,173946499
18/07/2018;500,838013;6,216282721
19/07/2018;480,627991;6,175093563
20/07/2018;469,307007;6,151257153
21/07/2018;450,678986;6,110755303
22/07/2018;462,437988;6,136512468
23/07/2018;459,438995;6,130006169
24/07/2018;451,135986;6,111768815
25/07/2018;479,906006;6,173590264
26/07/2018;472,330994;6,157679998
27/07/2018;464,009003;6,139903955
28/07/2018;469,678009;6,152047373
29/07/2018;466,915009;6,146147248
30/07/2018;466,826996;6,145958731
31/07/2018;457,244995;6,125219341
01/08/2018;433,868988;6,072742618
02/08/2018;420,806;6,04217192
03/08/2018;412,566986;6,022398583
04/08/2018;418,237;6,036048257
05/08/2018;407,346008;6,009662967
06/08/2018;410,566986;6,017539097
07/08/2018;406,800995;6,00832411
08/08/2018;379,891998;5,939886997
09/08/2018;356,971008;5,877654568
10/08/2018;365,776001;5,902021127
11/08/2018;334,264008;5,811931124
12/08/2018;320,822998;5,770889563
13/08/2018;320,209991;5,768977002
14/08/2018;286,36499;5,657267186
15/08/2018;280,386993;5,636170767
16/08/2018;282,740997;5,644531274
17/08/2018;287,683014;5,661859228
18/08/2018;316,790985;5,758242203
19/08/2018;295,670013;5,689244012
20/08/2018;301,381012;5,708375285
21/08/2018;273,330994;5,610683493
22/08/2018;281,967987;5,641793543
23/08/2018;271,747986;5,604875115
24/08/2018;278,110992;5,628020286
25/08/2018;283,281006;5,646439359
26/08/2018;279,524994;5,633091713
27/08/2018;275,350006;5,618043037
28/08/2018;286,648987;5,658258425
29/08/2018;296,162994;5,690909958
30/08/2018;289,752991;5,669028805
31/08/2018;284,119995;5,649396667
01/09/2018;283,496002;5,647198021
02/09/2018;295,453003;5,688509782
03/09/2018;295,181;5,687588728
04/09/2018;289,296997;5,667453832
05/09/2018;286,045013;5,656149187
06/09/2018;231,647995;5,445218957
07/09/2018;229,535004;5,436055541
08/09/2018;217,912003;5,384091325
09/09/2018;198,384995;5,290209562
10/09/2018;197,850998;5,287514212
11/09/2018;198,177002;5,289160581
12/09/2018;185,423004;5,222639723
13/09/2018;183,679001;5,213189674
14/09/2018;212,669006;5,359736995
15/09/2018;209,813995;5,3462214
16/09/2018;222,802994;5,406287946
17/09/2018;221,582001;5,400792729
18/09/2018;197,095001;5,283685851
19/09/2018;209,472;5,344590079
20/09/2018;210,287994;5,348477991
21/09/2018;225,251007;5,417215367
22/09/2018;247,337006;5,510751803
23/09/2018;240,992004;5,484763755
24/09/2018;244,843994;5,500621249
25/09/2018;228,326996;5,430778794
26/09/2018;218,647003;5,387458571
27/09/2018;215,440002;5,372682458
28/09/2018;229,041;5,433901027
29/09/2018;221,705002;5,401347678
30/09/2018;231,328995;5,443840918
01/10/2018;233,220001;5,451982218
02/10/2018;231,100006;5,442850543
03/10/2018;226,406998;5,422334256
04/10/2018;220,445999;5,395652762
05/10/2018;222,266998;5,403879353
06/10/2018;227,552002;5,427378792
07/10/2018;225,434998;5,41803186
08/10/2018;226,509003;5,422784692
09/10/2018;229,710007;5,436817674
10/10/2018;227,615005;5,427655627
11/10/2018;225,610001;5,418807849
12/10/2018;188,707001;5,240195553
13/10/2018;196,363998;5,27997007
14/10/2018;199,690994;5,296771142
15/10/2018;195,270004;5,274383237
16/10/2018;209,628006;5,34533456
17/10/2018;210,216995;5,348140307
18/10/2018;207,404007;5,334668616
19/10/2018;203,257004;5,314471208
20/10/2018;203,514999;5,315739707
21/10/2018;205,389999;5,324910606
22/10/2018;205,173996;5,32385838
23/10/2018;204,016006;5,318198452
24/10/2018;204,126999;5,318742344
25/10/2018;203,867996;5,317472706
26/10/2018;202,335999;5,309929677
27/10/2018;203,356003;5,314958152
28/10/2018;204,509995;5,32061685
29/10/2018;205,173996;5,32385838
30/10/2018;197,203003;5,28423367
31/10/2018;197,649002;5,28649274
01/11/2018;197,537003;5,285925924
02/11/2018;198,981995;5,293214343
03/11/2018;200,740005;5,302010563
04/11/2018;200,158005;5,29910708
05/11/2018;207,100006;5,333201797
06/11/2018;209,473999;5,344599622
07/11/2018;218,899002;5,388610445
08/11/2018;217,326996;5,381403113
09/11/2018;211,987;5,356524952
10/11/2018;209,975006;5,346988505
11/11/2018;212,479004;5,358843179
12/11/2018;211,513;5,354286462
13/11/2018;210,149002;5,347816812
14/11/2018;206,533997;5,330465033
15/11/2018;181,899002;5,203451599
16/11/2018;180,865005;5,197750924
17/11/2018;175,360001;5,166841009
18/11/2018;174,175003;5,160060558
19/11/2018;177,179001;5,177160527
20/11/2018;148,811005;5,002677078
21/11/2018;131,141998;4,87628069
22/11/2018;136,811005;4,918600448
23/11/2018;126,418999;4,839601779
24/11/2018;123,304001;4,814652859
25/11/2018;113,125999;4,728502233
26/11/2018;116,343002;4,756542742
27/11/2018;107,913002;4,681325365
28/11/2018;110,197998;4,70227873
29/11/2018;122,72155;4,809917968
30/11/2018;117,728096;4,768377694
01/12/2018;113,397758;4,73090162
02/12/2018;118,26815;4,772954504
03/12/2018;116,378761;4,756850053
04/12/2018;108,803162;4,689540396
05/12/2018;110,335518;4,703525887
06/12/2018;102,450592;4,629380653
07/12/2018;91,649834;4,517975163
08/12/2018;93,41008;4,536999262
09/12/2018;92,035431;4,522173622
10/12/2018;94,992172;4,553794488
11/12/2018;91,578934;4,517201267
12/12/2018;88,610703;4,484252652
13/12/2018;90,655228;4,507063608
14/12/2018;86,630356;4,461650285
15/12/2018;84,279694;4,434140958
16/12/2018;84,469406;4,43638941
17/12/2018;85,382111;4,447136606
18/12/2018;95,10804;4,555013509
19/12/2018;101,683846;4,621868451
20/12/2018;101,090439;4,616015552
21/12/2018;115,835403;4,752170244
22/12/2018;109,45594;4,695522094
23/12/2018;117,273895;4,764512182
24/12/2018;130,641663;4,872458178
25/12/2018;140,997589;4,948742791
26/12/2018;129,888824;4,866678885
27/12/2018;131,923584;4,882222846
28/12/2018;116,898201;4,761303479
29/12/2018;138,468781;4,930644892
30/12/2018;137,627457;4,924550448
31/12/2018;140,031067;4,941864305
01/01/2019;133,418152;4,893488196
02/01/2019;141,519516;4,95243763
03/01/2019;155,196045;5,044689124
04/01/2019;148,912888;5,003361491
05/01/2019;154,337418;5,039141232
06/01/2019;155,80423;5,048600283
07/01/2019;157,809494;5,061388571
08/01/2019;151,967545;5,023666978
09/01/2019;150,554688;5,014326394
10/01/2019;150,843506;5,016242915
11/01/2019;127,813965;4,850575808
12/01/2019;127,528084;4,848336607
13/01/2019;125,907227;4,835545342
14/01/2019;116,979095;4,761995244
15/01/2019;129,172684;4,861150145
16/01/2019;121,809242;4,802456231
17/01/2019;123,57354;4,816836444
18/01/2019;123,654655;4,81749264
19/01/2019;121,614426;4,800855597
20/01/2019;124,632401;4,825368613
21/01/2019;119,636459;4,784457636
22/01/2019;117,110756;4,76312012
23/01/2019;118,713814;4,776715672
24/01/2019;117,462784;4,766121551
25/01/2019;117,594955;4,767246135
26/01/2019;116,373528;4,756805087
27/01/2019;116,510315;4,75797981
28/01/2019;113,285233;4,729908824
29/01/2019;106,721954;4,670226892
30/01/2019;105,407204;4,657830983
31/01/2019;108,900772;4,690437119
01/02/2019;107,147682;4,674208088
02/02/2019;107,466415;4,67717838
03/02/2019;110,490318;4,704927897
04/02/2019;107,625824;4,678660619
05/02/2019;107,628166;4,678682379
06/02/2019;107,569305;4,678135338
07/02/2019;104,835777;4,652395097
08/02/2019;104,64505;4,650574147
09/02/2019;119,214111;4,780921128
10/02/2019;119,408966;4,78255429
11/02/2019;124,871536;4,827285497
12/02/2019;121,178574;4,797265276
13/02/2019;122,544289;4,808472508
14/02/2019;122,416985;4,807433127
15/02/2019;121,453697;4,799533095
16/02/2019;122,396454;4,807265399
17/02/2019;123,182083;4,81366361
18/02/2019;133,032547;4,890593813
19/02/2019;146,398819;4,986334535
20/02/2019;145,172729;4,977924268
21/02/2019;149,352325;5,006308112
22/02/2019;146,073257;4,984108256
23/02/2019;148,67662;5,001773612
24/02/2019;158,902405;5,068290209
25/02/2019;135,499725;4,908969611
26/02/2019;139,646088;4,939111279
27/02/2019;138,029572;4,927467952
28/02/2019;136,283081;4,9147342
01/03/2019;136,836243;4,918784904
02/03/2019;136,350082;4,915225711
03/03/2019;134,786118;4,903689211
04/03/2019;132,157883;4,883997291
05/03/2019;127,792953;4,8504114
06/03/2019;137,95874;4,926954655
07/03/2019;138,942383;4,934059336
08/03/2019;138,311356;4,929507347
09/03/2019;134,887558;4,904441528
10/03/2019;138,180496;4,928560773
11/03/2019;136,849533;4,918882023
12/03/2019;134,012848;4,897935676
13/03/2019;134,611771;4,902394865
14/03/2019;133,203903;4,891881059
15/03/2019;133,567154;4,894604378
16/03/2019;137,911957;4,926615489
17/03/2019;142,238297;4,957503799
18/03/2019;140,104858;4,942391128
19/03/2019;139,254013;4,936299697
20/03/2019;140,484711;4,945098664
21/03/2019;140,478485;4,945054345
22/03/2019;136,562256;4,916780599
23/03/2019;137,039871;4,920271913
24/03/2019;138,315353;4,929536245
25/03/2019;137,08136;4,920574618
26/03/2019;135,054321;4,905677075
27/03/2019;135,454361;4,908634764
28/03/2019;141,005844;4,948801336
29/03/2019;139,343201;4,936939962
30/03/2019;142,359146;4,958353062
31/03/2019;142,139221;4,956807007
01/04/2019;141,465485;4,952055765
02/04/2019;141,839523;4,954696299
03/04/2019;164,008636;5,099919085
04/04/2019;161,431763;5,084082533
05/04/2019;158,020004;5,062721633
06/04/2019;165,511246;5,109039144
07/04/2019;165,977234;5,111850634
08/04/2019;174,449677;5,161636316
09/04/2019;180,222122;5,194190101
10/04/2019;176,067841;5,170869381
11/04/2019;177,342758;5,178084346
12/04/2019;165,335205;5,107974959
13/04/2019;164,622849;5,103657094
14/04/2019;164,476089;5,102765204
15/04/2019;167,897476;5,123353531
16/04/2019;161,52655;5,084669525
17/04/2019;167,553696;5,121303873
18/04/2019;166,913208;5,117473965
19/04/2019;173,787888;5,157835521
20/04/2019;173,718811;5,157437963
21/04/2019;173,715408;5,157418374
22/04/2019;170,017487;5,135901296
23/04/2019;172,007217;5,147536435
24/04/2019;171,349533;5,143705523
25/04/2019;165,914734;5,111474006
26/04/2019;154,579437;5,04070812
27/04/2019;156,270859;5,051590777
28/04/2019;158,499771;5,065753149
29/04/2019;157,291046;5,058097885
30/04/2019;155,172775;5,044539174
01/05/2019;162,186554;5,088747241
02/05/2019;160,853577;5,080494492
03/05/2019;162,075165;5,088060209
04/05/2019;167,887207;5,123292367
05/05/2019;164,015259;5,099959466
06/05/2019;163,337982;5,095821563
07/05/2019;172,427277;5,149975565
08/05/2019;169,904205;5,135234778
09/05/2019;170,951874;5,141382078
10/05/2019;170,312973;5,137637762
11/05/2019;173,139313;5,154096548
12/05/2019;194,163025;5,268698141
13/05/2019;187,417923;5,233341006
14/05/2019;196,738281;5,281874323
15/05/2019;217,010117;5,379943975
16/05/2019;246,941956;5,509153313
17/05/2019;263,848358;5,575374537
18/05/2019;243,911301;5,496804639
19/05/2019;234,449463;5,457240055
20/05/2019;261,267487;5,565544737
21/05/2019;251,647842;5,528030658
22/05/2019;254,995316;5,541245176
23/05/2019;244,665115;5,499890398
24/05/2019;245,987091;5,505279059
25/05/2019;249,694046;5,520236352
26/05/2019;251,724792;5,528336396
27/05/2019;267,141876;5,587779888
28/05/2019;272,590485;5,607970614
29/05/2019;271,779053;5,604989431
30/05/2019;269,55188;5,596760876
31/05/2019;256,015289;5,545237165
01/06/2019;268,43335;5,592602652
02/06/2019;265,512726;5,581662772
03/06/2019;270,088562;5,598749913
04/06/2019;252,511642;5,531457355
05/06/2019;241,49704;5,486857216
06/06/2019;246,925247;5,509085647
07/06/2019;249,335281;5,518798501
08/06/2019;251,249313;5,526445725
09/06/2019;245,540482;5,50346183
10/06/2019;232,830139;5,450309171
11/06/2019;247,862122;5,512872632
12/06/2019;245,925491;5,505028608
13/06/2019;260,913513;5,564188985
14/06/2019;256,179657;5,545878983
15/06/2019;263,934143;5,575699614
16/06/2019;268,901154;5,594343855
17/06/2019;269,090576;5,595048037
18/06/2019;274,320251;5,614296223
19/06/2019;265,056854;5,579944346
20/06/2019;269,407867;5,596226465
21/06/2019;271,743103;5,604857146
22/06/2019;295,115082;5,687365389
23/06/2019;309,416687;5,73468887
24/06/2019;307,722137;5,729197223
25/06/2019;310,678619;5,738758998
26/06/2019;317,992584;5,762028062
27/06/2019;336,9599;5,819963932
28/06/2019;294,143036;5,684066166
29/06/2019;311,284424;5,740707041
30/06/2019;319,584045;5,767020291
01/07/2019;290,268494;5,670806336
02/07/2019;293,537262;5,682004589
03/07/2019;291,764618;5,675947374
04/07/2019;303,025085;5,713815591
05/07/2019;284,38092;5,650314607
06/07/2019;287,893829;5,662591763
07/07/2019;287,603607;5,661583167
08/07/2019;305,734772;5,722717968
09/07/2019;313,325165;5,747241517
10/07/2019;308,851288;5,732859892
11/07/2019;289,945984;5,669694644
12/07/2019;268,692261;5,593566714
13/07/2019;276,289124;5,621447868
14/07/2019;269,281616;5,595757732
15/07/2019;227,965057;5,429192358
16/07/2019;229,748657;5,436985916
17/07/2019;199,066788;5,293640387
18/07/2019;211,444611;5,353963078
19/07/2019;226,6577;5,42344095
20/07/2019;221,412659;5,400028196
21/07/2019;229,167694;5,434454024
22/07/2019;225,698654;5,41920072
23/07/2019;217,568466;5,382513587
24/07/2019;212,553818;5,359195217
25/07/2019;216,969116;5,379755021
26/07/2019;219,628128;5,391935789
27/07/2019;219,61763;5,391887989
28/07/2019;207,413773;5,334715701
29/07/2019;211,123657;5,352444014
30/07/2019;211,339203;5,35346444
31/07/2019;210,492416;5,349449624
01/08/2019;218,554596;5,387035851
02/08/2019;217,88446;5,383964922
03/08/2019;217,895554;5,384015838
04/08/2019;222,580811;5,405290231
05/08/2019;222,650879;5,40560498
06/08/2019;234,24559;5,456370095
07/08/2019;225,925293;5,420204383
08/08/2019;226,518478;5,422826522
09/08/2019;220,908646;5,39774925
10/08/2019;210,530167;5,349628954
11/08/2019;206,732239;5,331424425
12/08/2019;216,055908;5,375537208
13/08/2019;211,342697;5,353480972
14/08/2019;208,603989;5,340437665
15/08/2019;186,683502;5,22941468
16/08/2019;188,644257;5,239863003
17/08/2019;185,531662;5,223225552
18/08/2019;185,841095;5,224891981
19/08/2019;194,55603;5,270720194
20/08/2019;202,813141;5,312285067
21/08/2019;196,621689;5,281281522
22/08/2019;186,941238;5,230794332
23/08/2019;191,106873;5,252832816
24/08/2019;194,671631;5,271314196
25/08/2019;191,234787;5,253501924
26/08/2019;186,73555;5,229693445
27/08/2019;188,950058;5,241482737
28/08/2019;187,495499;5,23375484
29/08/2019;173,958694;5,15881788
30/08/2019;169,489288;5,132789727
31/08/2019;168,887894;5,129235146
01/09/2019;172,458405;5,150156077
02/09/2019;171,697601;5,145734796
03/09/2019;178,357758;5,18379141
04/09/2019;179,491989;5,190130577
05/09/2019;175,966278;5,170292374
06/09/2019;174,172226;5,160044614
07/09/2019;169,955276;5,13553532
08/09/2019;178,282593;5,183369893
09/09/2019;181,362488;5,200497725
10/09/2019;181,212845;5,19967228
11/09/2019;179,839493;5,192064748
12/09/2019;178,803772;5,186288959
13/09/2019;180,975586;5,198362138
14/09/2019;181,321579;5,200272134
15/09/2019;188,068436;5,236805918
16/09/2019;189,689331;5,245387634
17/09/2019;197,114761;5,283786102
18/09/2019;208,050598;5,33778131
19/09/2019;211,247238;5,353029192
20/09/2019;221,069626;5,398477702
21/09/2019;217,897385;5,384024241
22/09/2019;215,486557;5,372898527
23/09/2019;211,713211;5,355232581
24/09/2019;201,842087;5,307485644
25/09/2019;168,133575;5,124758753
26/09/2019;170,756912;5,140240978
27/09/2019;166,651703;5,115906024
28/09/2019;174,680832;5,162960492
29/09/2019;174,612747;5,162570648
30/09/2019;170,461349;5,138508579
01/10/2019;180,209122;5,194117965
02/10/2019;177,22406;5,177414808
03/10/2019;180,703705;5,196858701
04/10/2019;175,238434;5,166147527
05/10/2019;176,94632;5,17584641
06/10/2019;176,36438;5,172552196
07/10/2019;172,940338;5,152946668
08/10/2019;181,113358;5,199123123
09/10/2019;182,036301;5,204206123
10/10/2019;193,191071;5,263679704
11/10/2019;191,801071;5,256458746